Experiment,Genotype,Environment,Repno,Yield
Experiment 1,G18,E1,2,55.53375887
Experiment 1,G10,E1,2,56.26253757
Experiment 1,G14,E1,1,53.34217863
Experiment 1,G16,E1,1,61.63232254
Experiment 1,G4,E1,1,63.53651529
Experiment 1,G13,E1,1,62.4217312
Experiment 1,G20,E1,1,56.42215212
Experiment 1,G8,E1,2,55.53169689
Experiment 1,G9,E1,2,58.91179659
Experiment 1,G15,E1,2,49.38354669
Experiment 1,G12,E1,1,58.76243235
Experiment 1,G6,E1,1,63.31038222
Experiment 1,G9,E1,1,55.44322039
Experiment 1,G3,E1,1,55.81794439
Experiment 1,G11,E1,2,60.50277752
Experiment 1,G1,E1,2,58.62748219
Experiment 1,G19,E1,1,60.26583897
Experiment 1,G7,E1,1,58.86414315
Experiment 1,G2,E1,1,47.70410907
Experiment 1,G2,E1,2,60.27342267
Experiment 1,G18,E1,1,58.09853647
Experiment 1,G3,E1,2,49.74518509
Experiment 1,G20,E1,2,55.59359572
Experiment 1,G16,E1,2,59.45936944
Experiment 1,G14,E1,2,53.98813143
Experiment 1,G1,E1,1,51.34950939
Experiment 1,G11,E1,1,59.96983672
Experiment 1,G4,E1,2,65.73221949
Experiment 1,G13,E1,2,62.4913228
Experiment 1,G8,E1,1,56.13616239
Experiment 1,G17,E1,2,58.07514095
Experiment 1,G12,E1,2,52.06825575
Experiment 1,G5,E1,2,60.28459499
Experiment 1,G10,E1,1,58.93452787
Experiment 1,G5,E1,1,53.76915579
Experiment 1,G6,E1,2,61.06947322
Experiment 1,G19,E1,2,61.72711387
Experiment 1,G3,E2,2,68.58458289
Experiment 1,G13,E2,2,79.2676568
Experiment 1,G12,E2,1,72.07494855
Experiment 1,G4,E2,1,74.05852729
Experiment 1,G14,E2,2,61.54119923
Experiment 1,G13,E2,1,70.6495996
Experiment 1,G15,E2,2,64.41845499
Experiment 1,G10,E2,2,68.23214407
Experiment 1,G6,E2,2,71.40903032
Experiment 1,G11,E2,1,74.82734592
Experiment 1,G2,E2,1,73.81820827
Experiment 1,G4,E2,2,79.75448079
Experiment 1,G8,E2,2,57.76219689
Experiment 1,G9,E2,1,75.41229209
Experiment 1,G10,E2,1,74.64364197
Experiment 1,G17,E2,1,70.01010035
Experiment 1,G7,E2,1,69.82035915
Experiment 1,G16,E2,1,75.26216454
Experiment 1,G18,E2,2,60.03029817
Experiment 1,G8,E2,1,62.55033689
Experiment 1,G2,E2,2,65.65755227
Experiment 1,G18,E2,1,63.48073297
Experiment 1,G14,E2,1,58.63485773
Experiment 1,G3,E2,1,64.92834729
Experiment 1,G12,E2,2,66.15267365
Experiment 1,G19,E2,1,66.76640817
Experiment 1,G1,E2,2,69.08525579
Experiment 1,G6,E2,1,70.68872752
Experiment 1,G5,E2,1,71.80170739
Experiment 1,G16,E2,2,72.77203434
Experiment 1,G17,E2,2,69.58020865
Experiment 1,G11,E2,2,79.80522712
Experiment 1,G5,E2,2,77.25974089
Experiment 1,G15,E2,1,71.46103569
Experiment 1,G19,E2,2,74.65286137
Experiment 1,G20,E2,1,69.52946232
Experiment 1,G1,E2,1,72.62952029
Experiment 1,G9,E2,2,73.32915379
Experiment 1,G7,E2,2,72.48878065
Experiment 1,G20,E2,2,66.64379012
Experiment 1,G4,E3,1,56.33081069
Experiment 1,G6,E3,2,54.82228882
Experiment 1,G18,E3,1,48.11496717
Experiment 1,G2,E3,2,53.71471177
Experiment 1,G12,E3,2,46.46999815
Experiment 1,G3,E3,1,48.13803549
Experiment 1,G19,E3,1,48.42589887
Experiment 1,G9,E3,1,60.06481639
Experiment 1,G15,E3,2,44.30127809
Experiment 1,G5,E3,2,56.43609029
Experiment 1,G8,E3,2,55.81184769
Experiment 1,G1,E3,2,59.75388469
Experiment 1,G2,E3,1,52.36570537
Experiment 1,G6,E3,1,45.79947022
Experiment 1,G1,E3,1,57.47178579
Experiment 1,G18,E3,2,49.25594227
Experiment 1,G20,E3,1,42.79260752
Experiment 1,G15,E3,1,44.40417849
Experiment 1,G14,E3,2,51.80030833
Experiment 1,G14,E3,1,42.15562633
Experiment 1,G11,E3,2,55.13322052
Experiment 1,G12,E3,1,46.15668725
Experiment 1,G7,E3,1,49.78779255
Experiment 1,G20,E3,2,49.53347592
Experiment 1,G3,E3,2,40.87820409
Experiment 1,G5,E3,1,46.78902909
Experiment 1,G19,E3,2,52.98994797
Experiment 1,G13,E3,2,64.1328221
Experiment 1,G17,E3,2,46.98673065
Experiment 1,G17,E3,1,39.93493055
Experiment 1,G16,E3,2,53.18764954
Experiment 1,G8,E3,1,42.12207959
Experiment 1,G16,E3,1,55.88343184
Experiment 1,G11,E3,1,49.63622762
Experiment 1,G9,E3,2,59.44280429
Experiment 1,G13,E3,1,50.7541344
Experiment 1,G10,E3,1,48.94501057
Experiment 1,G4,E3,2,66.59973529
Experiment 1,G7,E3,2,51.13679895
Experiment 1,G10,E3,2,52.57373667
Experiment 1,G1,E4,2,64.17830449
Experiment 1,G2,E4,1,56.89540477
Experiment 1,G3,E4,1,51.90178119
Experiment 1,G4,E4,2,60.30258769
Experiment 1,G5,E4,1,54.53124329
Experiment 1,G6,E4,2,61.40984752
Experiment 1,G7,E4,2,54.93712485
Experiment 1,G8,E4,2,55.77749799
Experiment 1,G9,E4,1,58.88949159
Experiment 1,G10,E4,2,56.58432437
Experiment 1,G11,E4,2,53.43878402
Experiment 1,G11,E4,1,61.09891582
Experiment 1,G12,E4,2,51.61933045
Experiment 1,G13,E4,2,64.7204845
Experiment 1,G14,E4,2,50.31643103
Experiment 1,G15,E4,1,54.32559119
Experiment 1,G10,E4,1,51.03945007
Experiment 1,G9,E4,2,55.98329879
Experiment 1,G16,E4,2,69.91610214
Experiment 1,G2,E4,2,57.15830637
Experiment 1,G17,E4,1,55.24805655
Experiment 1,G18,E4,2,55.29241877
Experiment 1,G5,E4,2,59.16161259
Experiment 1,G15,E4,2,55.76143839
Experiment 1,G13,E4,1,54.1267991
Experiment 1,G19,E4,1,58.72233297
Experiment 1,G19,E4,2,61.15060397
Experiment 1,G3,E4,2,44.22573849
Experiment 1,G6,E4,1,58.81681692
Experiment 1,G7,E4,1,46.95461145
Experiment 1,G14,E4,1,48.34541253
Experiment 1,G20,E4,2,57.75584242
Experiment 1,G4,E4,1,59.82243539
Experiment 1,G12,E4,1,51.60327085
Experiment 1,G17,E4,2,54.81816485
Experiment 1,G8,E4,1,58.68146029
Experiment 1,G1,E4,1,54.17466069
Experiment 1,G18,E4,1,50.03334587
Experiment 1,G20,E4,1,57.23910992
Experiment 1,G16,E4,1,61.51529564
Experiment 1,G16,E5,2,48.72650084
Experiment 1,G8,E5,1,41.29203619
Experiment 1,G5,E5,1,48.44911589
Experiment 1,G15,E5,2,43.05502339
Experiment 1,G1,E5,2,48.24093589
Experiment 1,G2,E5,2,48.73683057
Experiment 1,G10,E5,2,49.56687397
Experiment 1,G19,E5,2,47.38782417
Experiment 1,G14,E5,1,37.79975723
Experiment 1,G6,E5,1,45.48853852
Experiment 1,G9,E5,2,43.47123469
Experiment 1,G4,E5,1,58.51000919
Experiment 1,G1,E5,1,50.42013439
Experiment 1,G11,E5,2,52.43728952
Experiment 1,G19,E5,1,46.86871247
Experiment 1,G3,E5,2,45.54515359
Experiment 1,G16,E5,1,53.29054994
Experiment 1,G14,E5,2,40.18460783
Experiment 1,G10,E5,1,44.27583057
Experiment 1,G4,E5,2,56.01987899
Experiment 1,G6,E5,2,46.52661322
Experiment 1,G17,E5,1,48.95774915
Experiment 1,G7,E5,2,48.23283665
Experiment 1,G17,E5,2,49.06288005
Experiment 1,G18,E5,1,41.06093657
Experiment 1,G9,E5,1,48.03290459
Experiment 1,G20,E5,2,47.25137702
Experiment 1,G12,E5,2,49.78779255
Experiment 1,G2,E5,1,48.94501057
Experiment 1,G8,E5,2,45.23407319
Experiment 1,G3,E5,1,43.16015429
Experiment 1,G13,E5,2,50.8570348
Experiment 1,G5,E5,2,49.59009099
Experiment 1,G11,E5,1,47.97852002
Experiment 1,G12,E5,1,49.37381175
Experiment 1,G18,E5,2,43.65381847
Experiment 1,G7,E5,1,51.65591065
Experiment 1,G13,E5,1,52.2061899
Experiment 1,G20,E5,1,49.63622762
Experiment 1,G15,E5,1,49.69299139
Experiment 1,G6,E6,2,76.46393812
Experiment 1,G6,E6,1,62.83231172
Experiment 1,G19,E6,1,63.38259097
Experiment 1,G10,E6,1,70.07825457
Experiment 1,G20,E6,2,63.39603342
Experiment 1,G2,E6,1,56.44484377
Experiment 1,G17,E6,2,57.78458115
Experiment 1,G3,E6,2,51.09865249
Experiment 1,G10,E6,2,62.57693437
Experiment 1,G13,E6,1,70.7590428
Experiment 1,G14,E6,2,53.98932103
Experiment 1,G3,E6,1,53.19725559
Experiment 1,G1,E6,2,73.60647929
Experiment 1,G12,E6,2,52.05799545
Experiment 1,G13,E6,2,69.6296663
Experiment 1,G9,E6,2,74.81585639
Experiment 1,G17,E6,1,71.41799195
Experiment 1,G2,E6,2,51.52569907
Experiment 1,G15,E6,2,57.39074429
Experiment 1,G7,E6,2,55.20404135
Experiment 1,G15,E6,1,53.59919169
Experiment 1,G9,E6,1,75.37957809
Experiment 1,G5,E6,1,59.16562749
Experiment 1,G11,E6,1,63.39603342
Experiment 1,G1,E6,1,61.18229689
Experiment 1,G18,E6,2,49.75081587
Experiment 1,G20,E6,1,64.60719492
Experiment 1,G16,E6,1,61.76139414
Experiment 1,G11,E6,2,53.15223912
Experiment 1,G12,E6,1,60.36690535
Experiment 1,G8,E6,2,71.26608999
Experiment 1,G19,E6,2,73.62802097
Experiment 1,G7,E6,1,60.77062585
Experiment 1,G4,E6,2,76.99446009
Experiment 1,G4,E6,1,68.28182969
Experiment 1,G18,E6,1,57.81779087
Experiment 1,G5,E6,2,53.43904179
Experiment 1,G14,E6,1,57.37730183
Experiment 1,G16,E6,2,68.13348654
Experiment 1,G8,E6,1,62.71539389
Experiment 1,G5,E7,1,61.20579149
Experiment 1,G9,E7,2,62.65769829
Experiment 1,G1,E7,1,60.27284769
Experiment 1,G4,E7,2,64.73161719
Experiment 1,G3,E7,1,51.66400989
Experiment 1,G15,E7,2,56.33081069
Experiment 1,G14,E7,1,56.88346913
Experiment 1,G12,E7,2,54.87080465
Experiment 1,G7,E7,2,58.60481035
Experiment 1,G19,E7,1,65.22766057
Experiment 1,G6,E7,2,64.88318212
Experiment 1,G1,E7,2,59.02897219
Experiment 1,G18,E7,2,61.49365487
Experiment 1,G15,E7,1,58.92384129
Experiment 1,G18,E7,1,64.39761717
Experiment 1,G11,E7,1,63.74205832
Experiment 1,G10,E7,1,57.65674877
Experiment 1,G16,E7,2,65.42536214
Experiment 1,G10,E7,2,54.95858727
Experiment 1,G7,E7,1,60.05671715
Experiment 1,G2,E7,1,59.83356807
Experiment 1,G13,E7,2,67.661027
Experiment 1,G6,E7,1,68.92811952
Experiment 1,G16,E7,1,63.14326324
Experiment 1,G13,E7,1,67.661027
Experiment 1,G20,E7,1,55.75508392
Experiment 1,G3,E7,2,58.19892879
Experiment 1,G8,E7,2,60.89485979
Experiment 1,G5,E7,2,61.51672319
Experiment 1,G17,E7,2,54.14366165
Experiment 1,G9,E7,1,65.66694019
Experiment 1,G14,E7,2,58.02444423
Experiment 1,G12,E7,1,60.05671715
Experiment 1,G11,E7,2,61.25430732
Experiment 1,G4,E7,1,60.89485979
Experiment 1,G2,E7,2,57.44871747
Experiment 1,G8,E7,1,65.66694019
Experiment 1,G17,E7,1,54.14366165
Experiment 1,G19,E7,2,67.19867907
Experiment 1,G20,E7,2,61.46010812
Experiment 1,G2,E8,1,46.52581027
Experiment 1,G5,E8,1,45.39422309
Experiment 1,G3,E8,1,41.07493419
Experiment 1,G4,E8,2,58.80265079
Experiment 1,G15,E8,1,48.84911889
Experiment 1,G2,E8,2,35.61658347
Experiment 1,G19,E8,2,42.43284277
Experiment 1,G20,E8,2,54.70793852
Experiment 1,G8,E8,2,46.00463659
Experiment 1,G11,E8,2,46.90386512
Experiment 1,G13,E8,2,52.862403
Experiment 1,G5,E8,2,45.68225499
Experiment 1,G17,E8,1,51.08415915
Experiment 1,G19,E8,1,36.08766507
Experiment 1,G9,E8,1,50.71738569
Experiment 1,G7,E8,1,47.37766295
Experiment 1,G13,E8,1,47.3541089
Experiment 1,G6,E8,2,41.23780032
Experiment 1,G6,E8,1,44.33150382
Experiment 1,G15,E8,2,47.68301349
Experiment 1,G8,E8,1,43.09160359
Experiment 1,G10,E8,1,39.74836167
Experiment 1,G16,E8,2,46.81258314
Experiment 1,G20,E8,1,47.43665722
Experiment 1,G16,E8,1,50.05498664
Experiment 1,G14,E8,2,45.61067083
Experiment 1,G12,E8,1,46.22523795
Experiment 1,G17,E8,2,50.73441675
Experiment 1,G4,E8,1,44.10454799
Experiment 1,G12,E8,2,51.35404965
Experiment 1,G7,E8,2,47.48294255
Experiment 1,G11,E8,1,50.61720152
Experiment 1,G18,E8,2,40.58762447
Experiment 1,G1,E8,1,49.70206209
Experiment 1,G1,E8,2,47.70368279
Experiment 1,G18,E8,1,46.19197877
Experiment 1,G9,E8,2,51.00318709
Experiment 1,G14,E8,1,46.32175423
Experiment 1,G17,E9,2,33.19450825
Experiment 1,G5,E9,2,45.13920259
Experiment 1,G17,E9,1,50.17768395
Experiment 1,G10,E9,1,38.43757117
Experiment 1,G4,E9,1,40.98526809
Experiment 1,G14,E9,1,37.88421883
Experiment 1,G16,E9,1,47.55861104
Experiment 1,G9,E9,2,35.41139729
Experiment 1,G7,E9,1,40.73240865
Experiment 1,G8,E9,1,40.98526809
Experiment 1,G20,E9,2,41.12627532
Experiment 1,G20,E9,1,38.89295002
Experiment 1,G15,E9,1,36.69943669
Experiment 1,G13,E9,1,49.5115972
Experiment 1,G13,E9,2,44.1354974
Experiment 1,G3,E9,1,37.85186169
Experiment 1,G8,E9,2,41.50497459
Experiment 1,G9,E9,1,27.81713959
Experiment 1,G2,E9,1,46.02067637
Experiment 1,G10,E9,2,36.23636507
Experiment 1,G15,E9,2,30.42325579
Experiment 1,G4,E9,2,49.15573829
Experiment 1,G1,E9,1,46.50635039
Experiment 1,G19,E9,2,35.20438707
Experiment 1,G14,E9,2,37.62815743
Experiment 1,G16,E9,2,41.83217404
Experiment 1,G2,E9,2,35.91056337
Experiment 1,G19,E9,1,40.97409577
Experiment 1,G12,E9,2,34.39972175
Experiment 1,G6,E9,1,33.86332122
Experiment 1,G12,E9,1,30.95746545
Experiment 1,G7,E9,2,35.64820695
Experiment 1,G1,E9,2,47.39884779
Experiment 1,G18,E9,2,46.09413417
Experiment 1,G18,E9,1,41.74421307
Experiment 1,G6,E9,2,43.11662482
Experiment 1,G11,E9,1,36.50527412
Experiment 1,G11,E9,2,47.57747612
Experiment 1,G3,E9,2,49.54741409
Experiment 1,G5,E9,1,40.49946519
Experiment 1,G12,E10,1,51.96684235
Experiment 1,G15,E10,1,41.70824749
Experiment 1,G5,E10,2,49.48719059
Experiment 1,G13,E10,2,56.8729907
Experiment 1,G3,E10,1,48.03290459
Experiment 1,G3,E10,2,47.30799209
Experiment 1,G10,E10,2,53.40378007
Experiment 1,G1,E10,1,61.93293449
Experiment 1,G19,E10,1,58.17348127
Experiment 1,G1,E10,2,59.13187259
Experiment 1,G16,E10,1,55.88343184
Experiment 1,G20,E10,2,53.68116502
Experiment 1,G12,E10,2,48.54391705
Experiment 1,G18,E10,2,46.97399207
Experiment 1,G10,E10,1,56.61867407
Experiment 1,G9,E10,1,57.99089749
Experiment 1,G7,E10,1,50.82586725
Experiment 1,G8,E10,2,42.74409169
Experiment 1,G19,E10,2,54.95858727
Experiment 1,G2,E10,1,59.21170467
Experiment 1,G9,E10,2,54.87890389
Experiment 1,G13,E10,1,53.4500654
Experiment 1,G16,E10,2,56.19436354
Experiment 1,G7,E10,2,43.35785585
Experiment 1,G5,E10,1,45.02604189
Experiment 1,G14,E10,1,62.06938163
Experiment 1,G11,E10,1,59.59436922
Experiment 1,G4,E10,1,56.22791029
Experiment 1,G18,E10,1,47.80403547
Experiment 1,G15,E10,2,43.16015429
Experiment 1,G17,E10,2,56.52851225
Experiment 1,G8,E10,1,43.88506679
Experiment 1,G17,E10,1,48.12770575
Experiment 1,G14,E10,2,50.24550113
Experiment 1,G4,E10,2,53.63502839
Experiment 1,G6,E10,1,54.30317712
Experiment 1,G11,E10,2,61.46010812
Experiment 1,G20,E10,1,49.11726462
Experiment 1,G6,E10,2,46.52661322
Experiment 1,G2,E10,2,54.12854387
Experiment 1,G6,E11,2,50.83519572
Experiment 1,G15,E11,1,48.13699459
Experiment 1,G3,E11,2,52.85598909
Experiment 1,G8,E11,1,52.29672839
Experiment 1,G12,E11,2,48.65053495
Experiment 1,G5,E11,1,50.45701199
Experiment 1,G19,E11,1,53.23827697
Experiment 1,G12,E11,1,45.27430145
Experiment 1,G20,E11,2,53.26807642
Experiment 1,G11,E11,2,57.50676992
Experiment 1,G8,E11,2,44.86053879
Experiment 1,G4,E11,1,59.02287549
Experiment 1,G9,E11,1,53.75607019
Experiment 1,G3,E11,1,50.77329689
Experiment 1,G11,E11,1,50.54894822
Experiment 1,G20,E11,1,56.92118932
Experiment 1,G13,E11,2,52.3812098
Experiment 1,G10,E11,2,48.72091967
Experiment 1,G19,E11,2,51.81477187
Experiment 1,G16,E11,2,59.76628624
Experiment 1,G17,E11,1,53.91555585
Experiment 1,G1,E11,2,60.36548779
Experiment 1,G2,E11,2,52.11603807
Experiment 1,G7,E11,1,55.34857775
Experiment 1,G13,E11,1,50.3325699
Experiment 1,G14,E11,2,48.33515223
Experiment 1,G18,E11,2,48.26143667
Experiment 1,G10,E11,1,48.94307747
Experiment 1,G16,E11,1,61.92987124
Experiment 1,G18,E11,1,52.67158127
Experiment 1,G6,E11,1,47.65286702
Experiment 1,G15,E11,2,47.08449599
Experiment 1,G2,E11,1,50.19721327
Experiment 1,G9,E11,2,55.52797939
Experiment 1,G7,E11,2,51.48832575
Experiment 1,G4,E11,2,56.07965639
Experiment 1,G5,E11,2,48.35543489
Experiment 1,G1,E11,1,56.39043939
Experiment 1,G14,E11,1,48.91136473
Experiment 1,G17,E11,2,53.99838175
Experiment 1,G18,E12,1,48.18589707
Experiment 1,G14,E12,1,47.03283763
Experiment 1,G7,E12,1,49.53857135
Experiment 1,G2,E12,2,53.38088027
Experiment 1,G13,E12,2,60.1336843
Experiment 1,G4,E12,2,56.49319109
Experiment 1,G9,E12,1,53.63725889
Experiment 1,G7,E12,2,44.96991255
Experiment 1,G16,E12,1,60.56183124
Experiment 1,G12,E12,1,52.49725525
Experiment 1,G11,E12,1,57.51584062
Experiment 1,G13,E12,1,58.1214759
Experiment 1,G1,E12,2,51.95204179
Experiment 1,G6,E12,2,52.56992992
Experiment 1,G11,E12,2,53.34733352
Experiment 1,G3,E12,2,48.90413789
Experiment 1,G15,E12,1,48.14725489
Experiment 1,G8,E12,1,55.98790849
Experiment 1,G18,E12,2,56.35339327
Experiment 1,G15,E12,2,49.35915989
Experiment 1,G20,E12,2,52.77573072
Experiment 1,G3,E12,1,50.06563359
Experiment 1,G1,E12,1,56.12738909
Experiment 1,G5,E12,1,57.17007349
Experiment 1,G9,E12,2,61.29501149
Experiment 1,G10,E12,1,54.30460467
Experiment 1,G17,E12,2,47.65439365
Experiment 1,G5,E12,2,50.56868569
Experiment 1,G16,E12,2,54.61665654
Experiment 1,G2,E12,1,54.50133477
Experiment 1,G4,E12,1,58.92845099
Experiment 1,G20,E12,1,55.54705262
Experiment 1,G19,E12,1,59.11787497
Experiment 1,G12,E12,2,51.26720885
Experiment 1,G19,E12,2,55.61033937
Experiment 1,G6,E12,1,56.74973822
Experiment 1,G10,E12,2,51.67975227
Experiment 1,G17,E12,1,53.84417985
Experiment 1,G8,E12,2,55.16693579
Experiment 1,G14,E12,2,49.60073793
Experiment 1,G9,E13,2,57.57706539
Experiment 1,G11,E13,2,61.04627602
Experiment 1,G2,E13,2,49.87795437
Experiment 1,G5,E13,2,57.99089749
Experiment 1,G16,E13,2,60.23930094
Experiment 1,G3,E13,2,43.98796719
Experiment 1,G16,E13,1,65.32246174
Experiment 1,G10,E13,1,56.20484197
Experiment 1,G20,E13,1,65.61032512
Experiment 1,G18,E13,2,50.91364987
Experiment 1,G8,E13,2,60.79195939
Experiment 1,G14,E13,1,48.89634603
Experiment 1,G13,E13,1,61.7479715
Experiment 1,G7,E13,2,54.24656205
Experiment 1,G3,E13,1,38.07714219
Experiment 1,G1,E13,2,58.30182919
Experiment 1,G19,E13,2,63.56757377
Experiment 1,G11,E13,1,66.64602062
Experiment 1,G17,E13,2,59.64050585
Experiment 1,G14,E13,2,53.87422723
Experiment 1,G6,E13,2,61.35720772
Experiment 1,G2,E13,1,60.56071107
Experiment 1,G19,E13,1,60.97454317
Experiment 1,G9,E13,1,55.18983559
Experiment 1,G7,E13,1,51.23969935
Experiment 1,G12,E13,2,50.40965595
Experiment 1,G4,E13,1,74.06774669
Experiment 1,G20,E13,2,57.72610242
Experiment 1,G17,E13,1,56.21758055
Experiment 1,G13,E13,2,55.9400469
Experiment 1,G4,E13,2,70.22861009
Experiment 1,G15,E13,1,48.44911589
Experiment 1,G15,E13,2,51.25002909
Experiment 1,G12,E13,1,54.04076125
Experiment 1,G1,E13,1,53.53212799
Experiment 1,G8,E13,1,51.87204119
Experiment 1,G5,E13,1,56.74702199
Experiment 1,G6,E13,1,66.23218852
Experiment 1,G10,E13,2,52.67663707
Experiment 1,G18,E13,1,53.61181137
Experiment 1,G8,E14,2,33.72127309
Experiment 1,G18,E14,1,38.57303687
Experiment 1,G9,E14,2,35.38135989
Experiment 1,G1,E14,1,32.78832929
Experiment 1,G19,E14,1,37.43206177
Experiment 1,G12,E14,2,29.66600595
Experiment 1,G13,E14,2,39.0331543
Experiment 1,G18,E14,2,35.46104327
Experiment 1,G19,E14,2,36.60201837
Experiment 1,G7,E14,2,33.71094335
Experiment 1,G20,E14,2,31.17452782
Experiment 1,G10,E14,2,35.15011157
Experiment 1,G3,E14,2,34.24038479
Experiment 1,G4,E14,2,35.79519199
Experiment 1,G4,E14,1,42.01917919
Experiment 1,G2,E14,1,32.03811797
Experiment 1,G10,E14,1,33.69820477
Experiment 1,G2,E14,2,40.54182487
Experiment 1,G6,E14,1,37.70959542
Experiment 1,G16,E14,2,36.28075694
Experiment 1,G16,E14,1,41.98578114
Experiment 1,G14,E14,1,37.69447763
Experiment 1,G15,E14,2,30.50637909
Experiment 1,G8,E14,1,31.33642249
Experiment 1,G15,E14,1,34.96514859
Experiment 1,G11,E14,1,35.63567652
Experiment 1,G17,E14,1,32.15598745
Experiment 1,G3,E14,1,35.48426029
Experiment 1,G12,E14,1,34.12700595
Experiment 1,G7,E14,1,40.76497395
Experiment 1,G14,E14,2,33.33860853
Experiment 1,G5,E14,1,29.26012439
Experiment 1,G17,E14,2,36.92806785
Experiment 1,G13,E14,1,33.5363101
Experiment 1,G6,E14,2,39.47258262
Experiment 1,G5,E14,2,30.71217989
Experiment 1,G20,E14,1,31.69363952
Experiment 1,G9,E14,1,30.71217989
Experiment 1,G1,E14,2,37.03906749
Experiment 1,G11,E14,2,26.71575832
Experiment 1,G1,E15,1,52.59680499
Experiment 1,G16,E15,1,52.87656914
Experiment 1,G6,E15,2,53.16220202
Experiment 1,G17,E15,1,46.57289855
Experiment 1,G1,E15,2,52.39115289
Experiment 1,G7,E15,2,45.84575555
Experiment 1,G20,E15,1,56.37932652
Experiment 1,G2,E15,2,38.67593727
Experiment 1,G5,E15,2,64.31778509
Experiment 1,G11,E15,2,50.77735142
Experiment 1,G14,E15,1,29.70988243
Experiment 1,G9,E15,1,36.72813579
Experiment 1,G19,E15,1,46.55778077
Experiment 1,G7,E15,1,52.38067445
Experiment 1,G12,E15,2,52.69160615
Experiment 1,G9,E15,2,38.38822259
Experiment 1,G4,E15,2,58.19892879
Experiment 1,G20,E15,2,49.43057552
Experiment 1,G5,E15,1,57.78286619
Experiment 1,G12,E15,1,45.95088645
Experiment 1,G18,E15,2,51.32986117
Experiment 1,G13,E15,2,60.3989651
Experiment 1,G19,E15,2,45.10587397
Experiment 1,G14,E15,2,33.44373943
Experiment 1,G11,E15,1,54.71938842
Experiment 1,G17,E15,2,49.68489215
Experiment 1,G16,E15,2,47.89645744
Experiment 1,G3,E15,2,49.59009099
Experiment 1,G10,E15,2,54.02564347
Experiment 1,G15,E15,1,42.74409169
Experiment 1,G18,E15,1,46.24684907
Experiment 1,G15,E15,2,48.44911589
Experiment 1,G8,E15,2,58.92384129
Experiment 1,G18,E16,1,35.34223197
Experiment 1,G15,E16,1,31.81657479
Experiment 1,G6,E16,1,46.05553162
Experiment 1,G19,E16,2,45.23152547
Experiment 1,G17,E16,1,40.42192305
Experiment 1,G17,E16,2,43.92722815
Experiment 1,G2,E16,1,41.58227877
Experiment 1,G10,E16,2,37.45719207
Experiment 1,G16,E16,2,47.83697744
Experiment 1,G7,E16,2,33.82752415
Experiment 1,G18,E16,2,37.11428987
Experiment 1,G20,E16,1,51.54791482
Experiment 1,G10,E16,1,40.92145597
Experiment 1,G16,E16,1,43.30504754
Experiment 1,G14,E16,2,29.33248183
Experiment 1,G12,E16,1,40.60720325
Experiment 1,G3,E16,1,40.07790069
Experiment 1,G2,E16,2,46.65607147
Experiment 1,G4,E16,1,49.69745239
Experiment 1,G3,E16,2,41.19151499
Experiment 1,G5,E16,2,44.37889949
Experiment 1,G5,E16,1,44.20060819
Experiment 1,G4,E16,2,44.05889709
Experiment 1,G8,E16,2,43.17621389
Experiment 1,G9,E16,1,40.67701299
Experiment 1,G7,E16,1,41.85107875
Experiment 1,G11,E16,2,46.47858312
Experiment 1,G8,E16,1,37.24947799
Experiment 1,G15,E16,2,44.85920049
Experiment 1,G6,E16,2,45.41076842
Experiment 1,G13,E16,1,48.2686139
Experiment 1,G1,E16,2,39.24562679
Experiment 1,G12,E16,2,37.46546965
Experiment 1,G11,E16,1,40.29563712
Experiment 1,G13,E16,2,49.2976179
Experiment 1,G19,E16,1,50.03111537
Experiment 1,G9,E16,2,40.69530309
Experiment 1,G14,E16,1,30.35241513
Experiment 1,G20,E16,2,51.79029582
Experiment 1,G1,E16,1,46.87363939
Experiment 1,G5,E17,1,53.42684839
Experiment 1,G12,E17,1,55.80374845
Experiment 1,G13,E17,1,63.8218904
Experiment 1,G7,E17,2,56.63379185
Experiment 1,G18,E17,2,62.53172957
Experiment 1,G9,E17,2,66.80791529
Experiment 1,G19,E17,1,54.33672387
Experiment 1,G20,E17,2,54.77187952
Experiment 1,G9,E17,1,59.96191599
Experiment 1,G6,E17,1,55.03032012
Experiment 1,G12,E17,2,55.18173635
Experiment 1,G8,E17,1,62.65769829
Experiment 1,G8,E17,2,54.35979219
Experiment 1,G10,E17,1,53.19574877
Experiment 1,G3,E17,2,52.70208459
Experiment 1,G11,E17,2,56.27419562
Experiment 1,G2,E17,2,54.95858727
Experiment 1,G19,E17,2,63.15374167
Experiment 1,G17,E17,2,52.79450655
Experiment 1,G6,E17,2,54.09737632
Experiment 1,G17,E17,1,48.33573705
Experiment 1,G14,E17,1,52.00848833
Experiment 1,G1,E17,2,54.25689179
Experiment 1,G16,E17,2,68.43445534
Experiment 1,G11,E17,1,58.14231372
Experiment 1,G1,E17,1,53.73792879
Experiment 1,G2,E17,1,45.52193657
Experiment 1,G18,E17,1,57.86254957
Experiment 1,G16,E17,1,60.86131304
Experiment 1,G15,E17,1,55.91697859
Experiment 1,G15,E17,2,55.18983559
Experiment 1,G4,E17,1,55.50076729
Experiment 1,G14,E17,2,53.25236383
Experiment 1,G7,E17,1,48.23283665
Experiment 1,G10,E17,2,56.61867407
Experiment 1,G4,E17,2,64.73161719
Experiment 1,G5,E17,2,55.29496649
Experiment 1,G20,E17,1,61.28642652
Experiment 1,G3,E17,1,47.74472399
Experiment 1,G13,E17,2,59.776953
Experiment 1,G4,E18,1,56.56560799
Experiment 1,G8,E18,2,56.72739359
Experiment 1,G9,E18,2,44.30499559
Experiment 1,G16,E18,1,48.23995444
Experiment 1,G9,E18,1,54.59325119
Experiment 1,G16,E18,2,52.21306974
Experiment 1,G20,E18,1,48.83949302
Experiment 1,G14,E18,2,53.55898323
Experiment 1,G7,E18,1,47.77379975
Experiment 1,G12,E18,2,38.27870995
Experiment 1,G3,E18,1,48.85432339
Experiment 1,G17,E18,2,48.21127515
Experiment 1,G13,E18,2,58.0841522
Experiment 1,G12,E18,1,42.75324165
Experiment 1,G17,E18,1,49.37797535
Experiment 1,G19,E18,1,55.24795747
Experiment 1,G13,E18,1,48.5108462
Experiment 1,G10,E18,2,46.28818767
Experiment 1,G19,E18,2,60.37513347
Experiment 1,G7,E18,2,37.51751465
Experiment 1,G5,E18,1,40.57396389
Experiment 1,G8,E18,1,48.90934239
Experiment 1,G1,E18,2,56.04441449
Experiment 1,G18,E18,2,47.28596467
Experiment 1,G11,E18,1,48.68306062
Experiment 1,G11,E18,2,53.14867032
Experiment 1,G10,E18,1,54.02088507
Experiment 1,G15,E18,1,47.05445859
Experiment 1,G6,E18,1,67.46327582
Experiment 1,G14,E18,1,44.17066003
Experiment 1,G4,E18,2,56.03742559
Experiment 1,G6,E18,2,69.34492562
Experiment 1,G20,E18,2,52.27907272
Experiment 1,G2,E18,2,40.81067447
Experiment 1,G2,E18,1,45.75643647
Experiment 1,G15,E18,2,37.48115259
Experiment 1,G1,E18,1,46.33430449
Experiment 1,G18,E18,1,45.83123257
Experiment 1,G3,E18,2,43.04773709
Experiment 1,G5,E18,2,52.90015299
Experiment 1,G9,E19,1,53.76097729
Experiment 1,G4,E19,2,62.87717949
Experiment 1,G10,E19,2,47.33042597
Experiment 1,G1,E19,2,51.01865189
Experiment 1,G18,E19,1,53.05701167
Experiment 1,G14,E19,1,46.24606593
Experiment 1,G13,E19,1,58.9021509
Experiment 1,G2,E19,2,45.71732837
Experiment 1,G5,E19,1,47.06516499
Experiment 1,G4,E19,1,63.68283609
Experiment 1,G18,E19,2,51.44391407
Experiment 1,G20,E19,1,51.29557092
Experiment 1,G8,E19,1,51.98609409
Experiment 1,G3,E19,2,51.18043749
Experiment 1,G16,E19,1,50.46658824
Experiment 1,G7,E19,2,55.76791175
Experiment 1,G13,E19,2,50.7533909
Experiment 1,G15,E19,1,51.82609289
Experiment 1,G6,E19,2,60.89549422
Experiment 1,G7,E19,1,46.49155965
Experiment 1,G11,E19,2,52.10301192
Experiment 1,G10,E19,1,47.08849107
Experiment 1,G8,E19,2,56.74523759
Experiment 1,G12,E19,1,50.04132605
Experiment 1,G17,E19,1,52.62186585
Experiment 1,G6,E19,1,53.47417462
Experiment 1,G5,E19,2,53.84097789
Experiment 1,G19,E19,1,50.88019237
Experiment 1,G1,E19,1,50.05120969
Experiment 1,G12,E19,2,51.97799485
Experiment 1,G16,E19,2,50.87030874
Experiment 1,G2,E19,1,45.95926327
Experiment 1,G15,E19,2,46.66322889
Experiment 1,G20,E19,2,56.86200672
Experiment 1,G17,E19,2,55.60776185
Experiment 1,G9,E19,2,45.37206679
Experiment 1,G3,E19,1,46.66322889
Experiment 1,G11,E19,1,52.91045292
Experiment 1,G14,E19,2,53.18366443
Experiment 1,G19,E19,2,49.26709477
Experiment 1,G11,E20,1,48.70343252
Experiment 1,G16,E20,2,56.71347524
Experiment 1,G6,E20,1,43.51737132
Experiment 1,G17,E20,1,41.59501735
Experiment 1,G2,E20,2,55.26966767
Experiment 1,G14,E20,2,48.89634603
Experiment 1,G10,E20,2,42.51284337
Experiment 1,G15,E20,1,49.48719059
Experiment 1,G17,E20,2,47.09186155
Experiment 1,G14,E20,1,45.47342073
Experiment 1,G15,E20,2,52.39115289
Experiment 1,G5,E20,1,47.93000419
Experiment 1,G18,E20,1,44.27583057
Experiment 1,G20,E20,2,46.52661322
Experiment 1,G20,E20,1,47.56230872
Experiment 1,G19,E20,1,46.76581207
Experiment 1,G11,E20,2,52.02345742
Experiment 1,G8,E20,1,46.16701699
Experiment 1,G7,E20,1,37.23899955
Experiment 1,G5,E20,2,48.96807889
Experiment 1,G8,E20,2,49.48719059
Experiment 1,G12,E20,2,38.58577545
Experiment 1,G19,E20,2,51.74369327
Experiment 1,G13,E20,2,55.2129039
Experiment 1,G18,E20,2,45.93576867
Experiment 1,G4,E20,1,54.25689179
Experiment 1,G2,E20,1,48.42589887
Experiment 1,G6,E20,2,50.57155062
Experiment 1,G1,E20,2,58.92384129
Experiment 1,G1,E20,1,51.76691029
Experiment 1,G3,E20,2,40.98110449
Experiment 1,G7,E20,2,39.51871925
Experiment 1,G9,E20,1,52.39115289
Experiment 1,G12,E20,1,34.33518595
Experiment 1,G3,E20,1,46.58084909
Experiment 1,G9,E20,2,54.98403479
Experiment 1,G16,E20,1,45.40870644
Experiment 1,G4,E20,2,54.67072389
Experiment 1,G13,E20,1,51.3761465
Experiment 1,G10,E20,1,44.48386187
Experiment 1,G17,E21,2,24.06611265
Experiment 1,G14,E21,1,29.08563983
Experiment 1,G14,E21,2,30.22661493
Experiment 1,G8,E21,1,25.00938619
Experiment 1,G1,E21,2,37.34999919
Experiment 1,G1,E21,1,30.81731079
Experiment 1,G3,E21,1,26.35616209
Experiment 1,G19,E21,2,39.19504897
Experiment 1,G12,E21,2,24.68812475
Experiment 1,G2,E21,1,21.97722467
Experiment 1,G18,E21,2,37.84604257
Experiment 1,G11,E21,1,27.54580172
Experiment 1,G15,E21,1,20.13455409
Experiment 1,G16,E21,1,32.13291914
Experiment 1,G7,E21,2,47.09186155
Experiment 1,G16,E21,2,33.47969504
Experiment 1,G5,E21,1,25.42336699
Experiment 1,G9,E21,1,38.07714219
Experiment 1,G3,E21,2,30.29834779
Experiment 1,G9,E21,2,46.06411659
Experiment 1,G19,E21,1,31.41610587
Experiment 1,G2,E21,2,19.28129367
Experiment 1,G12,E21,1,27.38390705
Experiment 1,G5,E21,2,25.73429869
Experiment 1,G20,E21,1,26.50772702
Experiment 1,G13,E21,2,41.6261849
Experiment 1,G17,E21,1,26.76204365
Experiment 1,G8,E21,2,28.43246019
Experiment 1,G11,E21,2,29.20588852
Experiment 1,G4,E21,2,44.19599849
Experiment 1,G6,E21,2,38.22855842
Experiment 1,G20,E21,2,27.54580172
Experiment 1,G10,E21,1,26.33309377
Experiment 1,G10,E21,2,31.41610587
Experiment 1,G13,E21,1,36.4402724
Experiment 1,G16,E22,1,42.24213994
Experiment 1,G10,E22,1,33.23247637
Experiment 1,G1,E22,1,41.87211489
Experiment 1,G1,E22,2,37.72174919
Experiment 1,G11,E22,1,39.82410942
Experiment 1,G20,E22,2,43.43662722
Experiment 1,G4,E22,2,43.09978209
Experiment 1,G3,E22,2,45.93608589
Experiment 1,G13,E22,2,46.2813871
Experiment 1,G18,E22,2,37.87265987
Experiment 1,G20,E22,1,49.95266122
Experiment 1,G6,E22,1,39.92656372
Experiment 1,G14,E22,2,30.99093293
Experiment 1,G10,E22,2,39.04426717
Experiment 1,G11,E22,2,44.81150742
Experiment 1,G13,E22,1,39.3266881
Experiment 1,G8,E22,2,36.64456639
Experiment 1,G9,E22,1,39.84414429
Experiment 1,G7,E22,2,34.04834365
Experiment 1,G2,E22,2,43.62526807
Experiment 1,G12,E22,1,33.61770845
Experiment 1,G7,E22,1,32.22201025
Experiment 1,G16,E22,2,37.94946834
Experiment 1,G8,E22,1,41.52475169
Experiment 1,G14,E22,1,31.79450773
Experiment 1,G18,E22,1,34.53226307
Experiment 1,G3,E22,1,41.50393369
Experiment 1,G9,E22,2,40.30347859
Experiment 1,G5,E22,2,36.79817349
Experiment 1,G6,E22,2,42.21535412
Experiment 1,G17,E22,1,46.65944195
Experiment 1,G17,E22,2,42.31383315
Experiment 1,G5,E22,1,43.69844829
Experiment 1,G15,E22,1,40.04905289
Experiment 1,G19,E22,1,41.80205737
Experiment 1,G19,E22,2,34.77226487
Experiment 1,G15,E22,2,36.67653689
Experiment 1,G12,E22,2,36.81416365
Experiment 1,G4,E22,1,43.24387239
Experiment 2,G18,E1,1,67.73783567
Experiment 2,G10,E1,2,67.27693383
Experiment 2,G17,E1,2,58.49134542
Experiment 2,G5,E1,1,70.21217682
Experiment 2,G4,E1,1,55.77977408
Experiment 2,G13,E1,1,66.96600213
Experiment 2,G3,E1,2,54.99680041
Experiment 2,G15,E1,1,59.04173781
Experiment 2,G18,E1,2,56.53819777
Experiment 2,G11,E1,1,65.56101637
Experiment 2,G23,E1,2,56.56962716
Experiment 2,G21,E1,1,68.67300997
Experiment 2,G8,E1,1,60.77329562
Experiment 2,G16,E1,1,67.08454288
Experiment 2,G26,E1,1,60.03274278
Experiment 2,G14,E1,2,54.56717927
Experiment 2,G14,E1,1,75.93284137
Experiment 2,G9,E1,2,55.41286301
Experiment 2,G22,E1,2,58.80227712
Experiment 2,G20,E1,1,69.69321382
Experiment 2,G1,E1,1,74.87912632
Experiment 2,G6,E1,2,64.84951371
Experiment 2,G17,E1,1,68.76027002
Experiment 2,G25,E1,2,71.66423232
Experiment 2,G5,E1,2,60.98132692
Experiment 2,G15,E1,2,62.15373141
Experiment 2,G22,E1,1,49.88235892
Experiment 2,G13,E1,2,63.23199643
Experiment 2,G12,E1,1,63.67725792
Experiment 2,G4,E1,2,70.09140558
Experiment 2,G3,E1,1,64.64386161
Experiment 2,G9,E1,1,62.36176271
Experiment 2,G2,E1,2,55.13336071
Experiment 2,G24,E1,2,66.92581181
Experiment 2,G24,E1,1,67.85875561
Experiment 2,G8,E1,2,73.11613912
Experiment 2,G7,E1,2,67.97729636
Experiment 2,G19,E1,1,60.07981251
Experiment 2,G7,E1,1,67.35528426
Experiment 2,G23,E1,1,62.27227216
Experiment 2,G19,E1,2,62.36176271
Experiment 2,G6,E1,1,65.57665671
Experiment 2,G12,E1,2,64.29912132
Experiment 2,G11,E1,2,67.84296657
Experiment 2,G20,E1,2,64.50730132
Experiment 2,G26,E1,2,63.14250588
Experiment 2,G16,E1,2,67.29257418
Experiment 2,G21,E1,2,72.09370477
Experiment 2,G25,E1,1,67.82732622
Experiment 2,G2,E1,1,59.69726111
Experiment 2,G10,E1,1,72.77377803
Experiment 2,G1,E1,2,60.67039522
Experiment 2,G16,E2,1,49.26537578
Experiment 2,G23,E2,2,48.59856366
Experiment 2,G25,E2,2,41.10876152
Experiment 2,G5,E2,2,44.28261432
Experiment 2,G18,E2,1,48.79360437
Experiment 2,G6,E2,2,45.75212141
Experiment 2,G1,E2,1,51.12623442
Experiment 2,G10,E2,2,45.85640143
Experiment 2,G21,E2,2,43.08173997
Experiment 2,G24,E2,2,47.82604031
Experiment 2,G7,E2,2,47.32271766
Experiment 2,G18,E2,2,41.16113077
Experiment 2,G14,E2,1,43.17095997
Experiment 2,G12,E2,2,49.77484882
Experiment 2,G3,E2,2,49.48151741
Experiment 2,G9,E2,2,45.01367721
Experiment 2,G15,E2,2,46.78573511
Experiment 2,G21,E2,1,46.14585217
Experiment 2,G26,E2,2,46.14639328
Experiment 2,G25,E2,1,38.98235152
Experiment 2,G5,E2,1,45.62017082
Experiment 2,G10,E2,1,33.70790883
Experiment 2,G11,E2,1,37.98281697
Experiment 2,G16,E2,2,47.89109038
Experiment 2,G11,E2,2,45.22658877
Experiment 2,G19,E2,1,48.44344271
Experiment 2,G26,E2,1,44.76541638
Experiment 2,G2,E2,2,44.28584441
Experiment 2,G2,E2,1,41.35452131
Experiment 2,G6,E2,1,46.03346181
Experiment 2,G20,E2,1,47.62330852
Experiment 2,G9,E2,1,39.26062291
Experiment 2,G24,E2,1,45.02735761
Experiment 2,G20,E2,2,48.78019452
Experiment 2,G22,E2,1,48.47149332
Experiment 2,G8,E2,1,45.31146962
Experiment 2,G17,E2,1,50.05381002
Experiment 2,G13,E2,2,52.11919933
Experiment 2,G23,E2,1,43.57726206
Experiment 2,G12,E2,1,47.56605902
Experiment 2,G1,E2,2,48.42123272
Experiment 2,G15,E2,1,45.60119091
Experiment 2,G7,E2,1,41.40044276
Experiment 2,G4,E2,1,42.92926878
Experiment 2,G22,E2,2,43.38848122
Experiment 2,G4,E2,2,50.71728258
Experiment 2,G14,E2,2,49.58706757
Experiment 2,G8,E2,2,47.06300692
Experiment 2,G17,E2,2,42.17434572
Experiment 2,G13,E2,1,47.00421673
Experiment 2,G3,E2,1,44.88549781
Experiment 2,G19,E2,2,44.12876351
Experiment 2,G23,E3,1,76.21572246
Experiment 2,G15,E3,2,85.77859261
Experiment 2,G3,E3,2,73.12005901
Experiment 2,G24,E3,2,60.26494401
Experiment 2,G13,E3,1,74.50940443
Experiment 2,G10,E3,2,57.70303303
Experiment 2,G5,E3,1,68.16353692
Experiment 2,G14,E3,2,71.70738217
Experiment 2,G22,E3,2,69.40964292
Experiment 2,G24,E3,1,77.47146711
Experiment 2,G16,E3,1,73.00443858
Experiment 2,G18,E3,2,65.39863597
Experiment 2,G19,E3,1,69.80687431
Experiment 2,G13,E3,2,65.45446663
Experiment 2,G8,E3,1,72.46215652
Experiment 2,G2,E3,2,67.66133571
Experiment 2,G4,E3,2,67.78194588
Experiment 2,G4,E3,1,74.04251328
Experiment 2,G18,E3,1,63.92843907
Experiment 2,G25,E3,2,65.93868752
Experiment 2,G21,E3,1,68.90632027
Experiment 2,G6,E3,1,65.39613491
Experiment 2,G16,E3,2,67.42298408
Experiment 2,G25,E3,1,69.24964172
Experiment 2,G1,E3,1,65.77853762
Experiment 2,G8,E3,2,71.70988322
Experiment 2,G1,E3,2,69.80518492
Experiment 2,G7,E3,2,74.83236636
Experiment 2,G10,E3,1,78.03062043
Experiment 2,G2,E3,1,71.80917351
Experiment 2,G20,E3,2,67.69007612
Experiment 2,G17,E3,1,71.64133252
Experiment 2,G15,E3,1,72.18711521
Experiment 2,G9,E3,1,63.57366771
Experiment 2,G17,E3,2,75.37533822
Experiment 2,G12,E3,2,64.68782312
Experiment 2,G7,E3,1,78.39492096
Experiment 2,G12,E3,1,69.11700132
Experiment 2,G3,E3,1,72.49358591
Experiment 2,G14,E3,1,72.83006717
Experiment 2,G11,E3,2,72.47794557
Experiment 2,G26,E3,1,69.74835468
Experiment 2,G6,E3,2,61.97306091
Experiment 2,G19,E3,2,66.96923221
Experiment 2,G22,E3,1,70.32429662
Experiment 2,G9,E3,2,63.26734571
Experiment 2,G26,E3,2,63.11053538
Experiment 2,G23,E3,2,72.96424826
Experiment 2,G20,E3,1,69.49425322
Experiment 2,G21,E3,2,70.81785877
Experiment 2,G5,E3,2,69.73886472
Experiment 2,G11,E3,1,75.02517657
Experiment 2,G1,E4,2,67.82732622
Experiment 2,G2,E4,2,69.44499221
Experiment 2,G3,E4,1,60.80457631
Experiment 2,G4,E4,1,66.98164248
Experiment 2,G5,E4,1,61.39515902
Experiment 2,G6,E4,1,66.19866881
Experiment 2,G3,E4,2,54.47768871
Experiment 2,G7,E4,2,73.78522096
Experiment 2,G4,E4,2,68.53644968
Experiment 2,G7,E4,1,75.96427076
Experiment 2,G6,E4,2,66.40670011
Experiment 2,G8,E4,2,62.01717112
Experiment 2,G5,E4,2,66.16723942
Experiment 2,G9,E4,1,58.83355781
Experiment 2,G10,E4,2,74.32873393
Experiment 2,G11,E4,2,63.79802917
Experiment 2,G12,E4,2,73.32417042
Experiment 2,G13,E4,2,65.92777873
Experiment 2,G14,E4,1,59.12884917
Experiment 2,G15,E4,1,68.58351941
Experiment 2,G16,E4,1,64.69969228
Experiment 2,G17,E4,1,77.47200822
Experiment 2,G18,E4,2,65.14480507
Experiment 2,G19,E4,1,72.42265601
Experiment 2,G8,E4,1,61.70623942
Experiment 2,G20,E4,2,68.65513912
Experiment 2,G21,E4,2,65.35298507
Experiment 2,G19,E4,2,74.91040701
Experiment 2,G10,E4,1,69.24572183
Experiment 2,G18,E4,1,74.68673537
Experiment 2,G21,E4,1,78.93970407
Experiment 2,G15,E4,2,77.40053721
Experiment 2,G22,E4,1,67.51639452
Experiment 2,G23,E4,2,63.93235896
Experiment 2,G11,E4,1,73.85669197
Experiment 2,G16,E4,2,70.50746818
Experiment 2,G24,E4,1,65.36862541
Experiment 2,G20,E4,1,68.86317042
Experiment 2,G25,E4,2,73.63525082
Experiment 2,G12,E4,1,67.51639452
Experiment 2,G14,E4,2,67.01292317
Experiment 2,G26,E4,1,53.28964388
Experiment 2,G13,E4,1,62.50485343
Experiment 2,G25,E4,1,71.04222022
Experiment 2,G1,E4,1,60.87842652
Experiment 2,G2,E4,1,68.92588051
Experiment 2,G17,E4,2,67.93022662
Experiment 2,G23,E4,1,73.89035186
Experiment 2,G22,E4,2,76.12300182
Experiment 2,G9,E4,2,62.56756351
Experiment 2,G24,E4,2,68.48061901
Experiment 2,G26,E4,2,61.69045038
Experiment 2,G25,E5,2,55.87541502
Experiment 2,G1,E5,2,54.78931022
Experiment 2,G6,E5,1,65.17204401
Experiment 2,G11,E5,1,70.03361497
Experiment 2,G18,E5,1,59.11977847
Experiment 2,G15,E5,1,66.70633061
Experiment 2,G6,E5,2,58.71236731
Experiment 2,G17,E5,2,59.04465812
Experiment 2,G4,E5,2,62.43826268
Experiment 2,G20,E5,1,65.79236672
Experiment 2,G25,E5,1,58.24896442
Experiment 2,G2,E5,2,58.78721711
Experiment 2,G21,E5,1,63.39341647
Experiment 2,G10,E5,2,61.20372843
Experiment 2,G9,E5,1,57.18953061
Experiment 2,G18,E5,2,73.29876957
Experiment 2,G7,E5,2,71.93078326
Experiment 2,G24,E5,2,58.66671641
Experiment 2,G8,E5,2,54.16045792
Experiment 2,G26,E5,1,59.25756968
Experiment 2,G14,E5,2,66.78898097
Experiment 2,G5,E5,2,53.60253552
Experiment 2,G19,E5,2,70.24360621
Experiment 2,G10,E5,1,62.45221363
Experiment 2,G15,E5,2,61.88384091
Experiment 2,G3,E5,1,59.94033191
Experiment 2,G19,E5,1,67.53399481
Experiment 2,G24,E5,1,64.77873251
Experiment 2,G23,E5,1,60.14348296
Experiment 2,G1,E5,1,60.26340332
Experiment 2,G16,E5,2,61.08226738
Experiment 2,G22,E5,1,62.32810282
Experiment 2,G11,E5,2,62.00307147
Experiment 2,G13,E5,1,61.59257893
Experiment 2,G3,E5,2,63.23983621
Experiment 2,G12,E5,1,55.53935302
Experiment 2,G17,E5,1,55.65816432
Experiment 2,G20,E5,2,63.83041892
Experiment 2,G12,E5,2,66.94241252
Experiment 2,G13,E5,2,56.84785933
Experiment 2,G21,E5,2,62.96575527
Experiment 2,G7,E5,1,63.73116786
Experiment 2,G23,E5,2,63.94603936
Experiment 2,G14,E5,1,61.32172807
Experiment 2,G16,E5,1,60.62501488
Experiment 2,G26,E5,2,53.27819398
Experiment 2,G5,E5,1,54.12848742
Experiment 2,G8,E5,1,57.62918282
Experiment 2,G9,E5,2,54.22846751
Experiment 2,G4,E5,1,50.87966298
Experiment 2,G22,E5,2,63.90134882
Experiment 2,G2,E5,1,65.04555401
Experiment 2,G22,E6,2,45.29169252
Experiment 2,G1,E6,2,44.93525862
Experiment 2,G3,E6,2,51.22517361
Experiment 2,G3,E6,1,53.96749901
Experiment 2,G12,E6,2,49.11387732
Experiment 2,G25,E6,2,49.11387732
Experiment 2,G14,E6,1,50.66246597
Experiment 2,G9,E6,1,40.72725101
Experiment 2,G8,E6,1,49.00294712
Experiment 2,G9,E6,2,45.21531441
Experiment 2,G17,E6,2,50.78496792
Experiment 2,G13,E6,2,44.75319613
Experiment 2,G20,E6,1,53.89220312
Experiment 2,G13,E6,1,48.66727753
Experiment 2,G24,E6,2,46.50647651
Experiment 2,G23,E6,2,48.86607496
Experiment 2,G21,E6,1,47.61917177
Experiment 2,G5,E6,1,43.27918672
Experiment 2,G8,E6,2,46.88367472
Experiment 2,G11,E6,1,49.79822157
Experiment 2,G20,E6,2,46.11965412
Experiment 2,G7,E6,1,45.99780066
Experiment 2,G2,E6,1,49.89183441
Experiment 2,G26,E6,1,38.58053728
Experiment 2,G4,E6,1,50.16040108
Experiment 2,G26,E6,2,39.56225468
Experiment 2,G6,E6,2,37.69466321
Experiment 2,G19,E6,2,45.31999921
Experiment 2,G25,E6,1,43.18312652
Experiment 2,G6,E6,1,41.65989741
Experiment 2,G1,E6,1,47.04382462
Experiment 2,G24,E6,1,47.48611211
Experiment 2,G21,E6,2,48.54111177
Experiment 2,G14,E6,2,38.97167197
Experiment 2,G11,E6,2,44.69112007
Experiment 2,G16,E6,1,43.52540708
Experiment 2,G19,E6,1,53.11812461
Experiment 2,G17,E6,1,41.36482292
Experiment 2,G4,E6,2,39.56225468
Experiment 2,G12,E6,1,44.16261342
Experiment 2,G23,E6,1,44.30544596
Experiment 2,G7,E6,2,44.35451696
Experiment 2,G22,E6,1,43.96201712
Experiment 2,G2,E6,2,42.04895031
Experiment 2,G18,E6,2,42.88783517
Experiment 2,G16,E6,2,42.49670048
Experiment 2,G10,E6,2,41.86157593
Experiment 2,G15,E6,2,42.59254381
Experiment 2,G18,E6,1,45.82436277
Experiment 2,G10,E6,1,39.94721213
Experiment 2,G15,E6,1,50.42487021
Experiment 2,G5,E6,2,46.88367472
Experiment 2,G6,E7,2,65.36401571
Experiment 2,G14,E7,1,66.35224907
Experiment 2,G24,E7,2,78.05451981
Experiment 2,G7,E7,1,69.38355226
Experiment 2,G17,E7,2,60.53314512
Experiment 2,G21,E7,2,69.51227277
Experiment 2,G16,E7,2,59.44284988
Experiment 2,G26,E7,1,67.12112308
Experiment 2,G12,E7,2,63.86922962
Experiment 2,G8,E7,1,74.25949342
Experiment 2,G7,E7,2,61.87673016
Experiment 2,G18,E7,1,63.64025847
Experiment 2,G15,E7,1,60.47535451
Experiment 2,G2,E7,2,62.05936061
Experiment 2,G4,E7,1,59.77891188
Experiment 2,G15,E7,2,62.98139561
Experiment 2,G12,E7,1,67.58494522
Experiment 2,G10,E7,2,68.18236813
Experiment 2,G23,E7,1,63.65116726
Experiment 2,G20,E7,1,67.90286582
Experiment 2,G20,E7,2,72.15345532
Experiment 2,G13,E7,1,68.48422913
Experiment 2,G8,E7,2,61.96453132
Experiment 2,G16,E7,1,63.58384748
Experiment 2,G2,E7,1,76.20861171
Experiment 2,G1,E7,2,65.25035522
Experiment 2,G5,E7,1,76.06813152
Experiment 2,G5,E7,2,81.55590502
Experiment 2,G11,E7,1,61.94374017
Experiment 2,G21,E7,1,68.60668977
Experiment 2,G9,E7,1,66.80462131
Experiment 2,G23,E7,2,62.70900406
Experiment 2,G24,E7,1,73.67575091
Experiment 2,G10,E7,1,61.47822863
Experiment 2,G11,E7,2,69.98781537
Experiment 2,G13,E7,2,58.59939663
Experiment 2,G18,E7,2,65.97261797
Experiment 2,G6,E7,1,54.77954971
Experiment 2,G26,E7,2,71.26896088
Experiment 2,G14,E7,2,64.15252997
Experiment 2,G3,E7,1,60.23535271
Experiment 2,G9,E7,2,67.60254551
Experiment 2,G22,E7,2,63.47145712
Experiment 2,G19,E7,2,54.73375011
Experiment 2,G1,E7,1,62.19323192
Experiment 2,G22,E7,1,61.23054812
Experiment 2,G4,E7,2,66.19278898
Experiment 2,G19,E7,1,61.19104761
Experiment 2,G17,E7,1,58.26264482
Experiment 2,G3,E7,2,70.46992761
Experiment 2,G25,E7,2,63.04156542
Experiment 2,G22,E8,2,56.31452612
Experiment 2,G10,E8,2,61.72507063
Experiment 2,G24,E8,2,67.26425301
Experiment 2,G19,E8,1,58.79251661
Experiment 2,G20,E8,2,56.67348792
Experiment 2,G12,E8,1,60.23827302
Experiment 2,G15,E8,1,65.73680661
Experiment 2,G10,E8,1,57.22065023
Experiment 2,G18,E8,2,55.73105417
Experiment 2,G16,E8,1,64.59441268
Experiment 2,G11,E8,2,64.83848307
Experiment 2,G5,E8,2,65.03310452
Experiment 2,G23,E8,1,67.41937396
Experiment 2,G11,E8,1,59.92469157
Experiment 2,G13,E8,1,55.26331213
Experiment 2,G15,E8,2,64.02408001
Experiment 2,G14,E8,1,61.20975697
Experiment 2,G22,E8,1,75.25637822
Experiment 2,G9,E8,1,53.89002631
Experiment 2,G26,E8,2,49.18760568
Experiment 2,G3,E8,1,65.23598501
Experiment 2,G21,E8,2,70.08387557
Experiment 2,G20,E8,1,44.57748642
Experiment 2,G2,E8,2,62.06843131
Experiment 2,G4,E8,1,58.87570808
Experiment 2,G8,E8,2,68.23208762
Experiment 2,G21,E8,1,62.69601347
Experiment 2,G25,E8,2,55.49355342
Experiment 2,G1,E8,2,71.35776162
Experiment 2,G2,E8,1,61.75526911
Experiment 2,G1,E8,1,58.69253652
Experiment 2,G19,E8,2,65.37546561
Experiment 2,G9,E8,2,53.96095621
Experiment 2,G25,E8,1,45.67281062
Experiment 2,G26,E8,1,63.20644688
Experiment 2,G4,E8,2,63.75068888
Experiment 2,G7,E8,1,62.88744406
Experiment 2,G6,E8,1,56.17212521
Experiment 2,G6,E8,2,60.06836261
Experiment 2,G18,E8,1,57.14652947
Experiment 2,G17,E8,1,57.22903112
Experiment 2,G16,E8,2,60.74382618
Experiment 2,G17,E8,2,60.64987462
Experiment 2,G24,E8,1,57.13466031
Experiment 2,G3,E8,2,57.32901121
Experiment 2,G7,E8,2,68.60376946
Experiment 2,G5,E8,1,78.17863062
Experiment 2,G12,E8,2,59.04004842
Experiment 2,G14,E8,2,61.49778887
Experiment 2,G13,E8,2,53.98508693
Experiment 2,G23,E8,2,60.12058316
Experiment 2,G8,E8,1,67.16873392
Experiment 2,G2,E9,2,53.14851311
Experiment 2,G24,E9,2,51.53268521
Experiment 2,G23,E9,1,51.20304416
Experiment 2,G15,E9,1,55.84736441
Experiment 2,G21,E9,1,54.26992797
Experiment 2,G18,E9,1,39.94922577
Experiment 2,G23,E9,2,53.33183336
Experiment 2,G4,E9,2,60.43066398
Experiment 2,G16,E9,1,49.07102488
Experiment 2,G12,E9,1,53.92268662
Experiment 2,G14,E9,1,46.40652327
Experiment 2,G2,E9,1,48.74922361
Experiment 2,G1,E9,2,47.71014932
Experiment 2,G8,E9,1,51.35954472
Experiment 2,G22,E9,2,55.36329222
Experiment 2,G7,E9,1,54.27384786
Experiment 2,G7,E9,2,38.01186716
Experiment 2,G19,E9,2,51.34963551
Experiment 2,G17,E9,2,57.00270972
Experiment 2,G12,E9,2,52.82751112
Experiment 2,G9,E9,1,48.99452491
Experiment 2,G5,E9,2,48.57216322
Experiment 2,G20,E9,2,33.98841072
Experiment 2,G10,E9,2,52.54225083
Experiment 2,G10,E9,1,52.44172963
Experiment 2,G25,E9,2,54.75733972
Experiment 2,G26,E9,2,53.35135438
Experiment 2,G20,E9,1,49.84800922
Experiment 2,G22,E9,1,58.01565412
Experiment 2,G1,E9,1,57.88078322
Experiment 2,G17,E9,1,60.45314452
Experiment 2,G18,E9,2,30.96075687
Experiment 2,G25,E9,1,56.43571662
Experiment 2,G15,E9,2,49.07452551
Experiment 2,G26,E9,1,39.34842408
Experiment 2,G8,E9,2,52.15523842
Experiment 2,G3,E9,2,57.33139041
Experiment 2,G16,E9,2,54.08310708
Experiment 2,G11,E9,1,63.44144657
Experiment 2,G9,E9,2,54.24452711
Experiment 2,G24,E9,1,61.44264801
Experiment 2,G5,E9,1,58.79305772
Experiment 2,G6,E9,2,49.81088791
Experiment 2,G11,E9,2,55.63053297
Experiment 2,G21,E9,2,56.46741657
Experiment 2,G6,E9,1,44.70259681
Experiment 2,G19,E9,1,48.96701541
Experiment 2,G14,E9,2,55.48867317
Experiment 2,G4,E9,1,50.79505268
Experiment 2,G13,E9,1,49.53315763
Experiment 2,G3,E9,1,54.93048021
Experiment 2,G13,E9,2,44.11854453
Experiment 2,G11,E10,2,70.07926587
Experiment 2,G21,E10,2,67.72415527
Experiment 2,G21,E10,1,72.72716677
Experiment 2,G23,E10,1,73.79429166
Experiment 2,G24,E10,1,65.64981711
Experiment 2,G8,E10,2,73.87986232
Experiment 2,G7,E10,1,67.24554366
Experiment 2,G14,E10,2,71.26366137
Experiment 2,G17,E10,2,65.99355782
Experiment 2,G4,E10,1,66.49911098
Experiment 2,G26,E10,1,64.99233388
Experiment 2,G10,E10,2,66.68704093
Experiment 2,G2,E10,1,64.24762981
Experiment 2,G11,E10,1,66.66779047
Experiment 2,G22,E10,1,61.16199742
Experiment 2,G23,E10,2,67.56569476
Experiment 2,G8,E10,1,76.19393172
Experiment 2,G16,E10,2,63.06250528
Experiment 2,G9,E10,2,64.68490281
Experiment 2,G6,E10,2,67.23213381
Experiment 2,G26,E10,2,63.38711738
Experiment 2,G1,E10,1,70.14585662
Experiment 2,G15,E10,2,69.05683151
Experiment 2,G13,E10,2,66.88139183
Experiment 2,G17,E10,1,68.62539912
Experiment 2,G10,E10,1,75.09007793
Experiment 2,G19,E10,1,70.68256861
Experiment 2,G25,E10,1,82.27382862
Experiment 2,G3,E10,2,69.73832361
Experiment 2,G16,E10,1,64.76824298
Experiment 2,G5,E10,1,75.60849982
Experiment 2,G18,E10,2,71.59749287
Experiment 2,G4,E10,2,66.43279078
Experiment 2,G20,E10,1,73.47971062
Experiment 2,G20,E10,2,71.92713392
Experiment 2,G18,E10,1,64.92071417
Experiment 2,G15,E10,1,65.54691671
Experiment 2,G24,E10,2,71.16970981
Experiment 2,G19,E10,2,69.47066361
Experiment 2,G12,E10,1,68.13602742
Experiment 2,G5,E10,2,72.48505632
Experiment 2,G13,E10,1,65.99409893
Experiment 2,G1,E10,2,67.23966382
Experiment 2,G22,E10,2,63.98357992
Experiment 2,G12,E10,2,70.76563822
Experiment 2,G9,E10,1,68.14455701
Experiment 2,G7,E10,2,77.29275656
Experiment 2,G6,E10,1,67.80388531
Experiment 2,G3,E10,1,69.29237231
Experiment 2,G2,E10,2,65.55782551
Experiment 2,G14,E10,1,67.63270477
Experiment 2,G25,E10,2,73.63287162
Experiment 2,G4,E11,1,50.33110868
Experiment 2,G5,E11,2,44.83280432
Experiment 2,G11,E11,1,43.81616927
Experiment 2,G4,E11,2,43.33120488
Experiment 2,G15,E11,1,48.46782951
Experiment 2,G23,E11,1,42.29725246
Experiment 2,G19,E11,2,51.34457971
Experiment 2,G7,E11,2,46.21118516
Experiment 2,G9,E11,1,43.67240321
Experiment 2,G13,E11,2,46.44778133
Experiment 2,G25,E11,1,40.24228662
Experiment 2,G11,E11,2,45.82436277
Experiment 2,G19,E11,1,47.81473911
Experiment 2,G14,E11,1,43.86732207
Experiment 2,G23,E11,2,47.19082076
Experiment 2,G3,E11,2,42.59254381
Experiment 2,G17,E11,1,50.03581732
Experiment 2,G6,E11,1,45.37115201
Experiment 2,G21,E11,2,49.74052597
Experiment 2,G13,E11,1,41.67376783
Experiment 2,G2,E11,1,42.78085171
Experiment 2,G21,E11,1,50.66246597
Experiment 2,G15,E11,2,43.57203071
Experiment 2,G12,E11,1,48.94748202
Experiment 2,G10,E11,2,46.50116463
Experiment 2,G16,E11,2,48.26521958
Experiment 2,G6,E11,2,39.65170391
Experiment 2,G24,E11,2,47.48611211
Experiment 2,G14,E11,2,47.72802017
Experiment 2,G7,E11,1,46.10456726
Experiment 2,G17,E11,2,44.16261342
Experiment 2,G26,E11,2,42.30681058
Experiment 2,G9,E11,2,39.47028991
Experiment 2,G22,E11,2,46.17095562
Experiment 2,G22,E11,1,49.92265662
Experiment 2,G10,E11,1,49.31397383
Experiment 2,G5,E11,1,46.83029142
Experiment 2,G3,E11,1,48.52329461
Experiment 2,G16,E11,1,54.00399868
Experiment 2,G1,E11,1,46.01511802
Experiment 2,G18,E11,1,47.72802017
Experiment 2,G8,E11,2,47.85899802
Experiment 2,G18,E11,2,45.71982667
Experiment 2,G2,E11,2,42.98144801
Experiment 2,G1,E11,2,49.11387732
Experiment 2,G8,E11,1,47.75014962
Experiment 2,G25,E11,2,41.13002562
Experiment 2,G12,E11,2,52.91479802
Experiment 2,G20,E11,1,43.18312652
Experiment 2,G20,E11,2,51.01545292
Experiment 2,G24,E11,1,45.52907141
Experiment 2,G25,E12,2,69.90124512
Experiment 2,G24,E12,2,70.55453791
Experiment 2,G24,E12,1,70.14070581
Experiment 2,G16,E12,1,66.67071078
Experiment 2,G3,E12,1,66.50960051
Experiment 2,G12,E12,1,68.65513912
Experiment 2,G23,E12,1,80.63107156
Experiment 2,G6,E12,1,67.33964391
Experiment 2,G21,E12,1,72.71794737
Experiment 2,G23,E12,2,66.73342086
Experiment 2,G25,E12,1,71.97516402
Experiment 2,G26,E12,1,65.01062398
Experiment 2,G26,E12,2,68.53644968
Experiment 2,G1,E12,2,72.70007652
Experiment 2,G13,E12,2,68.31277803
Experiment 2,G9,E12,1,66.50960051
Experiment 2,G19,E12,2,74.18564321
Experiment 2,G12,E12,2,67.72219532
Experiment 2,G10,E12,2,70.69762863
Experiment 2,G14,E12,2,77.27961727
Experiment 2,G4,E12,2,65.84066738
Experiment 2,G2,E12,1,78.88387341
Experiment 2,G2,E12,2,73.28412881
Experiment 2,G22,E12,2,74.36001462
Experiment 2,G17,E12,2,68.34405872
Experiment 2,G21,E12,2,74.27290327
Experiment 2,G18,E12,1,75.31097797
Experiment 2,G8,E12,1,80.16793922
Experiment 2,G6,E12,2,67.44254431
Experiment 2,G19,E12,1,78.54151231
Experiment 2,G18,E12,2,67.32400357
Experiment 2,G15,E12,2,85.07420071
Experiment 2,G14,E12,1,74.37580367
Experiment 2,G7,E12,2,78.45202176
Experiment 2,G7,E12,1,73.89035186
Experiment 2,G11,E12,1,72.61281647
Experiment 2,G17,E12,1,74.15198332
Experiment 2,G9,E12,2,64.95479331
Experiment 2,G13,E12,1,69.76468483
Experiment 2,G16,E12,2,66.35739988
Experiment 2,G3,E12,2,65.99063751
Experiment 2,G5,E12,1,74.25711422
Experiment 2,G20,E12,1,67.82732622
Experiment 2,G1,E12,1,65.95920812
Experiment 2,G20,E12,2,67.93022662
Experiment 2,G5,E12,2,71.97516402
Experiment 2,G11,E12,2,79.97777877
Experiment 2,G8,E12,2,72.07806442
Experiment 2,G22,E12,1,72.90810782
Experiment 2,G10,E12,1,79.82557813
Experiment 2,G15,E12,1,73.66653151
Experiment 2,G4,E12,1,74.44727468
Experiment 2,G21,E13,2,79.42669657
Experiment 2,G14,E13,1,77.98400917
Experiment 2,G26,E13,1,71.25290128
Experiment 2,G8,E13,1,69.57425382
Experiment 2,G14,E13,2,71.59065267
Experiment 2,G11,E13,1,79.48617657
Experiment 2,G17,E13,1,79.94161782
Experiment 2,G25,E13,2,73.50484092
Experiment 2,G21,E13,1,77.86727967
Experiment 2,G2,E13,1,76.40757231
Experiment 2,G6,E13,2,63.22377661
Experiment 2,G24,E13,2,77.57436751
Experiment 2,G24,E13,1,79.36471551
Experiment 2,G1,E13,1,73.28312922
Experiment 2,G17,E13,2,73.47063992
Experiment 2,G12,E13,2,71.00564002
Experiment 2,G7,E13,2,69.05418176
Experiment 2,G23,E13,2,68.91024016
Experiment 2,G22,E13,1,77.69847832
Experiment 2,G11,E13,2,70.83391837
Experiment 2,G8,E13,2,74.82886572
Experiment 2,G6,E13,1,67.07436311
Experiment 2,G13,E13,2,66.28004903
Experiment 2,G5,E13,1,80.84021192
Experiment 2,G18,E13,2,66.11209857
Experiment 2,G26,E13,2,72.18807558
Experiment 2,G4,E13,2,73.61500078
Experiment 2,G16,E13,2,68.50224868
Experiment 2,G25,E13,1,80.14280892
Experiment 2,G5,E13,2,72.88743852
Experiment 2,G19,E13,2,83.30214281
Experiment 2,G3,E13,1,73.85404221
Experiment 2,G3,E13,2,71.55603241
Experiment 2,G2,E13,2,75.04696731
Experiment 2,G10,E13,1,68.86386023
Experiment 2,G22,E13,2,60.66355502
Experiment 2,G15,E13,2,74.79159571
Experiment 2,G19,E13,1,82.57960951
Experiment 2,G13,E13,1,69.82639533
Experiment 2,G16,E13,1,71.60963258
Experiment 2,G9,E13,2,67.85637641
Experiment 2,G12,E13,1,77.20910662
Experiment 2,G20,E13,1,74.30291382
Experiment 2,G1,E13,2,74.27317382
Experiment 2,G7,E13,1,76.52903336
Experiment 2,G10,E13,2,72.22507503
Experiment 2,G18,E13,1,70.71034867
Experiment 2,G4,E13,1,71.66911258
Experiment 2,G9,E13,1,69.47304281
Experiment 2,G20,E13,2,70.81812932
Experiment 2,G23,E13,1,75.59608956
Experiment 2,G15,E13,1,77.47369761
Experiment 2,G1,E14,1,53.63926442
Experiment 2,G7,E14,1,66.55051986
Experiment 2,G9,E14,2,55.51576341
Experiment 2,G3,E14,1,65.17888421
Experiment 2,G11,E14,2,66.18302847
Experiment 2,G21,E14,2,61.41094807
Experiment 2,G20,E14,2,63.98818962
Experiment 2,G15,E14,1,51.57372641
Experiment 2,G22,E14,1,63.36617752
Experiment 2,G2,E14,1,59.80016151
Experiment 2,G8,E14,2,59.42414052
Experiment 2,G19,E14,1,61.11565671
Experiment 2,G20,E14,1,70.73128852
Experiment 2,G16,E14,2,73.30853008
Experiment 2,G4,E14,2,57.64551298
Experiment 2,G9,E14,1,54.27188791
Experiment 2,G10,E14,1,57.62987263
Experiment 2,G12,E14,1,62.12230202
Experiment 2,G6,E14,1,50.22695051
Experiment 2,G13,E14,2,65.51394663
Experiment 2,G7,E14,2,68.91024016
Experiment 2,G10,E14,2,53.37690393
Experiment 2,G3,E14,2,76.57049381
Experiment 2,G12,E14,2,55.06827142
Experiment 2,G25,E14,1,60.15128352
Experiment 2,G24,E14,1,72.42265601
Experiment 2,G21,E14,1,56.22503557
Experiment 2,G11,E14,1,64.21200997
Experiment 2,G25,E14,2,66.47831982
Experiment 2,G5,E14,2,60.46236392
Experiment 2,G26,E14,1,53.91165598
Experiment 2,G23,E14,1,65.07333406
Experiment 2,G24,E14,2,70.86546961
Experiment 2,G18,E14,1,62.44902277
Experiment 2,G2,E14,2,64.57001141
Experiment 2,G4,E14,1,66.98164248
Experiment 2,G26,E14,2,72.68428748
Experiment 2,G17,E14,2,72.07806442
Experiment 2,G23,E14,2,65.59244576
Experiment 2,G15,E14,2,64.12474991
Experiment 2,G8,E14,1,56.41742652
Experiment 2,G14,E14,2,60.16707257
Experiment 2,G16,E14,1,50.48858198
Experiment 2,G17,E14,1,47.60263922
Experiment 2,G18,E14,2,65.56101637
Experiment 2,G6,E14,2,65.05769371
Experiment 2,G5,E14,1,57.45550122
Experiment 2,G1,E14,2,72.18319532
Experiment 2,G22,E14,2,52.47538952
Experiment 2,G19,E14,2,70.86546961
Experiment 2,G6,E15,1,79.48545991
Experiment 2,G8,E15,1,88.75120062
Experiment 2,G24,E15,2,88.89683161
Experiment 2,G1,E15,1,88.04398342
Experiment 2,G23,E15,2,82.85116256
Experiment 2,G3,E15,1,76.79056981
Experiment 2,G22,E15,2,76.13564132
Experiment 2,G21,E15,2,92.71631297
Experiment 2,G21,E15,1,87.35582667
Experiment 2,G22,E15,1,82.59621022
Experiment 2,G9,E15,2,76.31919081
Experiment 2,G18,E15,1,85.00740757
Experiment 2,G26,E15,1,78.79407308
Experiment 2,G15,E15,2,79.41274561
Experiment 2,G19,E15,1,79.03727811
Experiment 2,G4,E15,1,91.95372568
Experiment 2,G26,E15,2,79.04716048
Experiment 2,G7,E15,1,78.38986516
Experiment 2,G17,E15,2,81.88616772
Experiment 2,G1,E15,2,74.70678302
Experiment 2,G20,E15,2,79.12733662
Experiment 2,G6,E15,2,81.70882231
Experiment 2,G13,E15,1,84.58650603
Experiment 2,G18,E15,2,82.20485867
Experiment 2,G16,E15,1,83.97701158
Experiment 2,G9,E15,1,74.40423221
Experiment 2,G2,E15,2,74.13380061
Experiment 2,G5,E15,1,79.92764002
Experiment 2,G5,E15,2,88.53588302
Experiment 2,G7,E15,2,80.68891586
Experiment 2,G19,E15,2,77.24455091
Experiment 2,G16,E15,2,78.28180158
Experiment 2,G12,E15,1,84.34521962
Experiment 2,G4,E15,2,88.01629838
Experiment 2,G23,E15,1,82.03331256
Experiment 2,G11,E15,1,79.11427787
Experiment 2,G17,E15,1,83.78640502
Experiment 2,G25,E15,1,86.41438012
Experiment 2,G15,E15,1,80.05869841
Experiment 2,G13,E15,2,76.20235393
Experiment 2,G20,E15,1,83.93778162
Experiment 2,G8,E15,2,92.08906952
Experiment 2,G24,E15,1,77.13689211
Experiment 2,G10,E15,2,83.47779883
Experiment 2,G10,E15,1,80.80342933
Experiment 2,G25,E15,2,84.22298822
Experiment 2,G14,E15,2,77.12957897
Experiment 2,G11,E15,2,82.83341357
Experiment 2,G3,E15,2,84.45888011
Experiment 2,G2,E15,1,75.31834481
Experiment 2,G14,E15,1,76.83857307
Experiment 2,G12,E15,2,88.93454772
Experiment 2,G24,E16,1,87.90277211
Experiment 2,G7,E16,1,86.30412526
Experiment 2,G15,E16,1,76.26640231
Experiment 2,G2,E16,1,80.16432911
Experiment 2,G20,E16,2,84.56722872
Experiment 2,G19,E16,2,75.08884701
Experiment 2,G25,E16,2,83.30506312
Experiment 2,G22,E16,1,70.29916632
Experiment 2,G23,E16,2,77.87357876
Experiment 2,G12,E16,1,90.19686202
Experiment 2,G14,E16,1,82.24604857
Experiment 2,G6,E16,1,75.89138091
Experiment 2,G15,E16,2,81.44086491
Experiment 2,G16,E16,2,73.92593248
Experiment 2,G10,E16,2,68.64884003
Experiment 2,G18,E16,1,82.93200167
Experiment 2,G25,E16,1,74.55213502
Experiment 2,G17,E16,2,73.64209102
Experiment 2,G20,E16,1,80.29820042
Experiment 2,G10,E16,1,77.40414733
Experiment 2,G5,E16,2,78.89209322
Experiment 2,G22,E16,2,80.08332892
Experiment 2,G26,E16,2,74.63939508
Experiment 2,G4,E16,2,74.70794578
Experiment 2,G2,E16,2,73.81231121
Experiment 2,G26,E16,1,68.55027878
Experiment 2,G17,E16,1,77.89966942
Experiment 2,G24,E16,2,75.41122861
Experiment 2,G13,E16,1,74.79743633
Experiment 2,G11,E16,2,67.30571347
Experiment 2,G7,E16,2,82.73026946
Experiment 2,G9,E16,1,82.16339821
Experiment 2,G4,E16,1,71.89781318
Experiment 2,G21,E16,1,85.49529227
Experiment 2,G18,E16,2,84.22628647
Experiment 2,G8,E16,1,68.61855892
Experiment 2,G13,E16,2,76.53975423
Experiment 2,G1,E16,1,77.96375912
Experiment 2,G11,E16,1,85.06317007
Experiment 2,G1,E16,2,78.11007992
Experiment 2,G8,E16,2,84.07562652
Experiment 2,G9,E16,2,73.51798021
Experiment 2,G5,E16,1,82.76320032
Experiment 2,G23,E16,1,70.78519846
Experiment 2,G3,E16,1,77.53778731
Experiment 2,G21,E16,2,74.77357617
Experiment 2,G16,E16,1,72.33900608
Experiment 2,G12,E16,2,86.62062702
Experiment 2,G6,E16,2,70.75349851
Experiment 2,G19,E16,1,78.32664081
Experiment 2,G3,E16,2,78.20084061
Experiment 2,G14,E16,2,80.38477067
Experiment 2,G22,E17,1,60.00035302
Experiment 2,G23,E17,2,57.53454146
Experiment 2,G4,E17,2,56.00386498
Experiment 2,G24,E17,2,54.57835861
Experiment 2,G17,E17,1,52.64684062
Experiment 2,G6,E17,1,53.34355381
Experiment 2,G15,E17,1,56.44186701
Experiment 2,G16,E17,1,61.10739768
Experiment 2,G22,E17,2,50.83136232
Experiment 2,G1,E17,1,58.11632402
Experiment 2,G7,E17,1,52.40810896
Experiment 2,G24,E17,1,48.45712311
Experiment 2,G21,E17,2,59.50387057
Experiment 2,G2,E17,1,46.65924511
Experiment 2,G11,E17,1,63.72724797
Experiment 2,G12,E17,2,60.72987522
Experiment 2,G25,E17,2,56.67110872
Experiment 2,G17,E17,2,62.33494302
Experiment 2,G20,E17,1,56.48374672
Experiment 2,G11,E17,2,62.87430477
Experiment 2,G20,E17,2,55.89370512
Experiment 2,G12,E17,1,55.23288232
Experiment 2,G16,E17,2,52.49395018
Experiment 2,G8,E17,2,60.71381562
Experiment 2,G18,E17,1,61.97794117
Experiment 2,G1,E17,2,53.06989212
Experiment 2,G2,E17,2,52.63415981
Experiment 2,G5,E17,1,66.27474952
Experiment 2,G10,E17,1,55.87610483
Experiment 2,G7,E17,2,50.66341186
Experiment 2,G3,E17,1,60.27877311
Experiment 2,G26,E17,1,59.34455918
Experiment 2,G23,E17,1,57.17781016
Experiment 2,G13,E17,1,51.57272683
Experiment 2,G10,E17,2,67.06890253
Experiment 2,G15,E17,2,59.28411881
Experiment 2,G19,E17,2,47.93578091
Experiment 2,G14,E17,2,57.74326257
Experiment 2,G21,E17,1,53.86754577
Experiment 2,G3,E17,2,54.86876971
Experiment 2,G13,E17,2,49.32274713
Experiment 2,G14,E17,1,55.85001417
Experiment 2,G18,E17,2,59.09226897
Experiment 2,G5,E17,2,58.31290542
Experiment 2,G8,E17,1,59.02398882
Experiment 2,G9,E17,2,55.58446281
Experiment 2,G26,E17,2,51.77364738
Experiment 2,G25,E17,1,64.74269342
Experiment 2,G6,E17,2,51.39543511
Experiment 2,G9,E17,1,62.62020331
Experiment 2,G19,E17,1,55.91368461
Experiment 2,G4,E17,1,47.60528898
Experiment 2,G9,E18,1,53.63455971
Experiment 2,G26,E18,2,54.75731288
Experiment 2,G4,E18,1,54.34541388
Experiment 2,G2,E18,2,45.28852851
Experiment 2,G12,E18,1,54.59852812
Experiment 2,G18,E18,2,49.74052597
Experiment 2,G22,E18,1,64.91711852
Experiment 2,G16,E18,2,44.01403528
Experiment 2,G5,E18,1,55.64002292
Experiment 2,G14,E18,1,50.28253747
Experiment 2,G1,E18,2,44.51488372
Experiment 2,G20,E18,1,55.93236712
Experiment 2,G26,E18,1,53.83329108
Experiment 2,G21,E18,2,51.53533497
Experiment 2,G2,E18,1,54.64235331
Experiment 2,G4,E18,2,55.36133228
Experiment 2,G11,E18,1,52.00909317
Experiment 2,G14,E18,2,42.54002587
Experiment 2,G19,E18,1,55.26074291
Experiment 2,G9,E18,2,49.81876901
Experiment 2,G10,E18,2,37.24116953
Experiment 2,G5,E18,2,57.13178132
Experiment 2,G11,E18,2,47.86883907
Experiment 2,G3,E18,2,48.23511401
Experiment 2,G25,E18,2,56.77326562
Experiment 2,G3,E18,1,54.05062231
Experiment 2,G23,E18,2,46.29014486
Experiment 2,G16,E18,1,45.38207528
Experiment 2,G13,E18,1,57.75017093
Experiment 2,G15,E18,1,50.07483041
Experiment 2,G21,E18,1,53.14025407
Experiment 2,G8,E18,2,54.41295052
Experiment 2,G7,E18,2,54.63682456
Experiment 2,G13,E18,2,50.36602633
Experiment 2,G12,E18,2,64.39205882
Experiment 2,G24,E18,2,57.39696711
Experiment 2,G17,E18,1,52.92550442
Experiment 2,G10,E18,1,45.87365063
Experiment 2,G25,E18,1,48.94956382
Experiment 2,G7,E18,1,56.07728146
Experiment 2,G19,E18,2,60.25884731
Experiment 2,G8,E18,1,59.19767042
Experiment 2,G23,E18,1,50.04199456
Experiment 2,G24,E18,1,54.52229871
Experiment 2,G1,E18,1,50.89366762
Experiment 2,G18,E18,1,39.94060117
Experiment 2,G20,E18,2,64.62269252
Experiment 2,G6,E18,2,46.52997111
Experiment 2,G22,E18,2,61.85256022
Experiment 2,G6,E18,1,48.75377961
Experiment 2,G15,E18,2,39.34865331
Experiment 2,G17,E18,2,54.60715272
Experiment 2,G13,E19,2,74.84769693
Experiment 2,G3,E19,1,70.03557491
Experiment 2,G8,E19,2,76.95304522
Experiment 2,G2,E19,2,77.32906621
Experiment 2,G1,E19,2,85.87296342
Experiment 2,G2,E19,1,71.83207331
Experiment 2,G18,E19,2,73.44285987
Experiment 2,G26,E19,1,70.50746818
Experiment 2,G25,E19,2,80.27307012
Experiment 2,G10,E19,1,68.93464143
Experiment 2,G4,E19,1,66.15159908
Experiment 2,G17,E19,2,64.40440092
Experiment 2,G26,E19,2,75.69338068
Experiment 2,G11,E19,2,64.00382997
Experiment 2,G18,E19,1,75.41387837
Experiment 2,G6,E19,2,79.57735651
Experiment 2,G12,E19,2,79.44302672
Experiment 2,G25,E19,1,61.91427072
Experiment 2,G21,E19,1,68.87881077
Experiment 2,G5,E19,1,65.02626432
Experiment 2,G19,E19,2,65.78483671
Experiment 2,G8,E19,1,68.03312702
Experiment 2,G7,E19,2,70.25924656
Experiment 2,G16,E19,1,67.39547458
Experiment 2,G23,E19,1,59.47358946
Experiment 2,G16,E19,2,65.42445608
Experiment 2,G24,E19,1,73.45850021
Experiment 2,G11,E19,1,75.93284137
Experiment 2,G7,E19,1,75.03132696
Experiment 2,G14,E19,2,69.50082287
Experiment 2,G15,E19,2,66.50960051
Experiment 2,G14,E19,1,67.63493527
Experiment 2,G17,E19,1,58.80227712
Experiment 2,G24,E19,2,78.95534441
Experiment 2,G3,E19,2,72.42265601
Experiment 2,G13,E19,1,70.80275953
Experiment 2,G20,E19,2,64.40440092
Experiment 2,G9,E19,2,70.03557491
Experiment 2,G12,E19,1,68.65513912
Experiment 2,G1,E19,1,77.47200822
Experiment 2,G22,E19,2,87.11683892
Experiment 2,G20,E19,1,61.29225862
Experiment 2,G4,E19,2,79.63318718
Experiment 2,G6,E19,1,67.85875561
Experiment 2,G22,E19,1,71.76713272
Experiment 2,G19,E19,1,66.50960051
Experiment 2,G5,E19,2,63.88528922
Experiment 2,G21,E19,2,75.93284137
Experiment 2,G23,E19,2,76.06717116
Experiment 2,G15,E19,1,73.04466811
Experiment 2,G10,E19,2,78.68460303
Experiment 2,G9,E19,1,71.38458131
Experiment 2,G20,E20,1,65.60485602
Experiment 2,G15,E20,2,62.77797401
Experiment 2,G7,E20,1,72.41093556
Experiment 2,G3,E20,2,73.90891251
Experiment 2,G1,E20,2,71.92936442
Experiment 2,G9,E20,1,67.11094331
Experiment 2,G4,E20,1,65.52274678
Experiment 2,G2,E20,2,59.23539891
Experiment 2,G6,E20,1,74.98594661
Experiment 2,G10,E20,2,61.67481003
Experiment 2,G23,E20,1,73.50625976
Experiment 2,G4,E20,2,76.74989418
Experiment 2,G7,E20,2,65.81653666
Experiment 2,G22,E20,1,74.24343382
Experiment 2,G16,E20,1,61.70650998
Experiment 2,G25,E20,1,69.81202512
Experiment 2,G11,E20,2,62.85824517
Experiment 2,G17,E20,2,69.56057342
Experiment 2,G16,E20,2,68.25064828
Experiment 2,G24,E20,2,68.89222061
Experiment 2,G9,E20,2,63.86630931
Experiment 2,G13,E20,1,65.40420603
Experiment 2,G17,E20,1,67.57349532
Experiment 2,G15,E20,1,70.43334741
Experiment 2,G10,E20,1,61.81206013
Experiment 2,G21,E20,2,73.90011237
Experiment 2,G22,E20,2,64.42492152
Experiment 2,G8,E20,1,77.45371812
Experiment 2,G25,E20,2,53.10870282
Experiment 2,G20,E20,2,67.41111492
Experiment 2,G21,E20,1,70.78588827
Experiment 2,G8,E20,2,74.37607422
Experiment 2,G13,E20,2,68.10920773
Experiment 2,G18,E20,1,67.75612577
Experiment 2,G19,E20,2,76.52707341
Experiment 2,G5,E20,2,78.33179162
Experiment 2,G12,E20,1,59.85403222
Experiment 2,G11,E20,1,66.54199027
Experiment 2,G3,E20,1,69.90739551
Experiment 2,G26,E20,1,62.71038368
Experiment 2,G14,E20,2,62.93378477
Experiment 2,G24,E20,1,71.31365141
Experiment 2,G19,E20,1,72.88228771
Experiment 2,G6,E20,2,68.82590041
Experiment 2,G18,E20,2,67.49768517
Experiment 2,G5,E20,1,64.14135062
Experiment 2,G14,E20,1,60.78432627
Experiment 2,G1,E20,1,65.30983522
Experiment 2,G2,E20,1,68.23531771
Experiment 2,G23,E20,2,65.43913606
Experiment 2,G26,E20,2,62.52733398
Experiment 2,G12,E20,2,75.23808812
Experiment 2,G21,E21,2,55.38324487
Experiment 2,G14,E21,1,59.22253017
Experiment 2,G6,E21,1,56.14640011
Experiment 2,G13,E21,1,62.29578123
Experiment 2,G12,E21,1,58.72391222
Experiment 2,G26,E21,2,53.99121048
Experiment 2,G15,E21,2,66.00818411
Experiment 2,G9,E21,1,60.83729031
Experiment 2,G12,E21,2,50.77426152
Experiment 2,G1,E21,2,57.53520442
Experiment 2,G15,E21,1,59.98360361
Experiment 2,G5,E21,1,54.62633502
Experiment 2,G9,E21,2,52.98369981
Experiment 2,G10,E21,2,59.11598043
Experiment 2,G23,E21,2,64.57117416
Experiment 2,G11,E21,2,55.25937777
Experiment 2,G7,E21,1,55.59712916
Experiment 2,G18,E21,2,53.33861987
Experiment 2,G16,E21,1,52.06182798
Experiment 2,G21,E21,1,59.22253017
Experiment 2,G8,E21,2,62.48631962
Experiment 2,G22,E21,1,60.50593302
Experiment 2,G13,E21,2,46.44569953
Experiment 2,G14,E21,2,56.24957107
Experiment 2,G10,E21,1,61.09651573
Experiment 2,G2,E21,2,57.47657531
Experiment 2,G26,E21,1,57.89443678
Experiment 2,G7,E21,2,55.65898836
Experiment 2,G24,E21,2,51.99127601
Experiment 2,G20,E21,1,52.64163612
Experiment 2,G3,E21,1,56.94462171
Experiment 2,G6,E21,2,57.00856271
Experiment 2,G1,E21,1,53.57428252
Experiment 2,G22,E21,2,60.50593302
Experiment 2,G25,E21,2,56.73698282
Experiment 2,G19,E21,1,64.02348521
Experiment 2,G4,E21,2,55.84996048
Experiment 2,G5,E21,2,59.89551952
Experiment 2,G18,E21,1,55.38324487
Experiment 2,G19,E21,2,50.01297121
Experiment 2,G23,E21,1,59.55165696
Experiment 2,G17,E21,1,51.59374722
Experiment 2,G4,E21,1,59.87928438
Experiment 2,G16,E21,2,59.81311288
Experiment 2,G11,E21,1,63.18137027
Experiment 2,G2,E21,1,57.28014261
Experiment 2,G17,E21,2,49.11387732
Experiment 2,G3,E21,2,61.04428071
Experiment 2,G8,E21,1,58.52539772
Experiment 2,G24,E21,1,55.95427971
Experiment 2,G25,E21,1,53.57428252
Experiment 2,G6,E22,1,55.27992521
Experiment 2,G21,E22,2,47.40370547
Experiment 2,G15,E22,1,55.70892471
Experiment 2,G14,E22,2,56.18563007
Experiment 2,G25,E22,1,61.31040002
Experiment 2,G2,E22,2,47.97330701
Experiment 2,G11,E22,2,51.65488977
Experiment 2,G10,E22,1,58.08950433
Experiment 2,G23,E22,2,44.59362656
Experiment 2,G3,E22,1,47.37295141
Experiment 2,G24,E22,2,49.64583091
Experiment 2,G18,E22,1,48.53694817
Experiment 2,G21,E22,1,48.75033267
Experiment 2,G6,E22,2,52.61224721
Experiment 2,G14,E22,1,57.01998577
Experiment 2,G25,E22,2,61.08630912
Experiment 2,G4,E22,1,55.06036348
Experiment 2,G9,E22,1,51.70948951
Experiment 2,G4,E22,2,51.47282728
Experiment 2,G20,E22,2,48.10658352
Experiment 2,G1,E22,2,44.39532892
Experiment 2,G11,E22,1,53.33445627
Experiment 2,G16,E22,2,43.14547858
Experiment 2,G2,E22,1,47.27753971
Experiment 2,G19,E22,2,50.06204221
Experiment 2,G22,E22,2,47.01170542
Experiment 2,G26,E22,2,37.40684818
Experiment 2,G9,E22,2,43.60191941
Experiment 2,G18,E22,2,48.58601917
Experiment 2,G8,E22,2,56.08181062
Experiment 2,G8,E22,1,57.22352922
Experiment 2,G15,E22,2,56.82075461
Experiment 2,G23,E22,1,59.56236336
Experiment 2,G1,E22,1,51.34824352
Experiment 2,G7,E22,1,54.14804766
Experiment 2,G26,E22,1,43.44005328
Experiment 2,G5,E22,2,54.72670752
Experiment 2,G13,E22,2,53.42210873
Experiment 2,G10,E22,2,53.24069473
Experiment 2,G19,E22,1,57.13882391
Experiment 2,G17,E22,1,55.67853622
Experiment 2,G7,E22,2,52.59651186
Experiment 2,G22,E22,1,50.95136322
Experiment 2,G3,E22,2,53.97597491
Experiment 2,G20,E22,1,51.72817202
Experiment 2,G24,E22,1,57.21986541
Experiment 2,G13,E22,1,54.88397843
Experiment 2,G12,E22,1,59.12718662
Experiment 2,G17,E22,2,53.64669942
Experiment 2,G12,E22,2,51.77516122
Experiment 2,G5,E22,1,61.24422852